Tweet Url,Keywords,Account Handle,Account Name,Account Bio,Account Type,Joined,Following,Followers,Location,Tweet,Date Posted
https://twitter.com/hundongis/status/1415319332175769606?s=46&t=ynGnb7xJVrTxG5TiGB5Lhg,"""covid gawa ng china"", ""chinese ginawa covid""",@hundongis,ILeniYSB - Stripped â—,No bio,1,2017-08,334,180,"Puerto Princesa City, Palawan",GAGO GAWA GAWA LANG TALAGA NG PHILHEALTH BRANCH SA CHINA ANG COVID!!!!! Hindi totoo ang COVID!!!!,14/07/2021 22:36
https://twitter.com/itz_fritzzz/status/1256206739273248770?s=46&t=ynGnb7xJVrTxG5TiGB5Lhg,"""covid gawa ng china"", ""chinese ginawa covid""",@itz_fritzzz,pretzel,"coffee hoe â˜•

ariana grande butera's angel ğŸ‘¼",1,2020-03,1610,1103,ÇÊŒÉ uooÉ¯ÊÇuoÉ¥,sa lahat ng gawa ng china COVID lang ang legit at original hay nako,05/01/2020 21:00
https://twitter.com/oscarccordero2/status/1290537954146828294?s=46&t=ynGnb7xJVrTxG5TiGB5Lhg,"""covid gawa ng china"", ""chinese ginawa covid""",@oscarccordero2,Oscar C. Cordero (0942-304-2132),"Badminton Instructor

The Zone Badminton Center",0,2018-07,15,1,Lungsod ng Malabon,Ingat Lang palagi mga frontliners mahirap talaga sitwasyon ng buong Mundo lahat Ng bansa apektado Ng Covid ito Ang tinatawag na silent war gawa Ng China,08/04/2020 14:39
https://twitter.com/crbllomrk/status/1276742409343229952?s=46&t=ynGnb7xJVrTxG5TiGB5Lhg,"""covid gawa ng china"", ""chinese ginawa covid""",@crbllomrk,Mark,âœ,0,2014-09,31,76,No location,Sobrang laking perwisyo ang ginawa ng Covid 19. Sana naman matuto na ang mga dugyot na chinese na wag kumain ng kung ano ano.,27/06/2020 13:01
https://twitter.com/queenie_sanah/status/1238769790690394112?s=46&t=ynGnb7xJVrTxG5TiGB5Lhg,"""covid gawa ng china"", ""chinese ginawa covid""",@queenie_sanah,"Sanah â™¥ï¸ğŸ’šğŸ’™
",No bio,1,2018-05,1374,1452,Republic of the Philippines,"Nkakainis tlha tong mga Chinese nato kundi ba nmn nila ginawa ung COVID-19 peaceful Sana buti Kung sila lng tamaan.. BUWESHIT! Maraming na putol hanapbuhay ndhil dyan ğŸ˜ˆ
#MAYMAYxMEGANShopeeSale
MAYMAYxBG GraduationSale",14/03/2020 18:11
https://twitter.com/nazbitoon/status/1238222816559763459?s=46&t=ynGnb7xJVrTxG5TiGB5Lhg,"""covid gawa ng china"", ""chinese ginawa covid""",@nazbitoon,Ad Cena,Astrophilia,1,2017-03,267,288,No location,"Napakahirap naman oh, walang defense dahil sa COVID sayang nga preps na ginawa. Nagawa kasi ng mga Chinese nanahimik ang mga paniki tang ina kakainin?",13/03/2020 5:58
https://twitter.com/vmipurpleu/status/1239444721363124225?s=46&t=ynGnb7xJVrTxG5TiGB5Lhg,"""covid gawa ng china"", ""chinese ginawa covid""",@vmipurpleu,ğŸ§‘â€ğŸš€ ì„ì§„ì•„ì‚¬ë‘í•´,ğŸ‹ â€”Love Yourself: Answerâ€”__Magic Shop__ enjoy life because Life Goes on. ğŸ’œ,1,2019-04,72,27,No location,"Laking pwersiyo ang ginawa ng mga chinese sa buong mundo... Pati kasi nanahimik na hayop kinakain... ğŸ˜­
#coronapocolypse
#Covid_19
#COVID2019",16/03/2020 14:53
https://twitter.com/maeglyza2/status/1452232268400013312?s=46&t=ynGnb7xJVrTxG5TiGB5Lhg,"""covid gawa ng china"", ""chinese ginawa covid""",@maeglyza2,maeglyza_212,w(Â°ï½Â°)w,1,2021-07,86,1,No location,Ano pong kamalasan?Hindi Naman si pres Duterte Ang gumawa ng COVID-19 Mga Chinese Hahaha.Tyaka makakatulong Yung ginawa niyang Build Build Build project NiyağŸ˜’,24/10/2021 19:15
https://twitter.com/jr062388/status/1378834647518486529?s=46&t=ynGnb7xJVrTxG5TiGB5Lhg,"""covid gawa ng china"", ""chinese ginawa covid""",@jr062388,J,No bio,1,2013-06,4693,176,makati city,"TO #CHINA #PHILIPPINES #GOVERNMENT FOR ME KAYA GINAWA NILA YANG COVID-19 PANDEMIC PARA MAGAWA NG MGA CHINESE ANG MGA ILLEGAL TRANSACTIONS NILA SA IBANG SASAKUPIN EX. #WESTPH #JULIANFELIPEREAF #DutertePalakpak #OustDuterteNow #DuterteResign
Translate Tweet",04/05/2021 6:19
https://twitter.com/rads16573622/status/1437297213479133187?s=46&t=ynGnb7xJVrTxG5TiGB5Lhg,"""covid gawa ng china"", ""chinese ginawa covid""",@rads16573622,Rads,Eut,1,2021-06,30,3,No location,You know what while watching the hearing. Na conclude ko ang COVID-19 ay ginawa ng China  para maging negosyo at maging supplier sila ng lahat at may connection sa government kaya look puro Chinese ang mga sangkot. Tapos mali2 pa ang mga sinasabi. Kawawa mga namatay dahil dito.,13/09/2021 14:08
https://twitter.com/seekgoodlife/status/1429215042260537344?s=46&t=ynGnb7xJVrTxG5TiGB5Lhg,"""covid gawa ng china"", ""chinese ginawa covid""",@seekgoodlife,Dog's Tile,"ECE, MPM",1,2011-09,124,204,"Big Spring, TX","sa lahat ng made in china, covid lang ang tumagal!",22/08/2021 6:55
https://twitter.com/chrl_blzn29/status/1284489044424921089?s=46&t=ynGnb7xJVrTxG5TiGB5Lhg,"""covid gawa ng china"", ""chinese ginawa covid""",@chrl_blzn29,akositsarli,"people come 'n go.
http://instagram.com/_realtsarli/",1,2020-07,9,306,mamatay ka kakaisip,"Legit, COVID lng yung tumagal na gawa ng China.",18/07/2020 22:18
https://twitter.com/aljxn_f/status/1302432448287068161?s=46&t=ynGnb7xJVrTxG5TiGB5Lhg,"""covid gawa ng china"", ""chinese ginawa covid""",@aljxn_f,A yÃ¸,"If you're reading this, you're gonna be fine.

IG|: aljx_f",1,2019-07,115,160,No location,Sa lahat ng gawa ng china covid lang yung legit.,09/06/2020 10:24
https://twitter.com/noelaaaaaaaaaaa/status/1276494819427143681?s=46&t=ynGnb7xJVrTxG5TiGB5Lhg,"""covid gawa ng china"", ""chinese ginawa covid""",@noelaaaaaaaaaaa,mewi,No bio,1,2020-06,165,284,No location,covid lang ang matibay gawa ng china :))),26/06/2020 20:37
https://twitter.com/bloodshotkamote/status/1292870799129485312?s=46&t=ynGnb7xJVrTxG5TiGB5Lhg,"""covid gawa ng china"", ""chinese ginawa covid""",@bloodshotkamote,Bloodshot Kamote,I am your enemy's friend,1,2020-03,191,11,No location,Aalma ka sabihin mo kung sino may gawa ng covid pero kung mema ka lang tanggapin mo na lang... dahil ako talaga di papayag dahil may gawa ng covid ay China.,08/11/2020 1:09
https://twitter.com/wonky_julio/status/1365300303298400257?s=46&t=ynGnb7xJVrTxG5TiGB5Lhg,"""covid gawa ng china"", ""chinese ginawa covid""",@wonky_julio,Julius,No bio,1,2012-05,146,27,Olongapo City,"Sabi nila basta gawa ng china marupok, pero ung covid ang tibay hehehe...Bagsak bagsak bagsak tapos wag daw pihikan, wala nga mabili puro donasyon lng",26/02/2021 21:58
https://twitter.com/mackinleyzamora/status/1379778199547080706?s=46&t=ynGnb7xJVrTxG5TiGB5Lhg,"""covid gawa ng china"", ""chinese ginawa covid""",@mackinleyzamora,Mac Zamora,Dad. Husband. Son. Brother. In that order.,0,2011-12,697,8589,No location,"As in most products that are made in China, Sinovac is more on bark but less on bite. Isa lang yata ang magaling na gawa ng China: ang Covid - subok na matatag ğŸ¤¬",04/07/2021 20:48
https://twitter.com/rainbow06406065/status/1382108807958958085?s=46&t=ynGnb7xJVrTxG5TiGB5Lhg,"""covid gawa ng china"", ""chinese ginawa covid""",@rainbow06406065,rainbow,Greatest faith,1,2020-12,1060,558,No location,FATHER Please in JESUSâ€™ NAME We beg THEE Clean the air we breathe. Tunawin po nyo ang nakakamatay na COVID-19 na to na gawa ng Lucifer China. So we will live in peace and happiness for Your Own Greater Glory now and forever. Amen.,14/04/2021 7:09
https://twitter.com/j_rojales1988/status/1269122565433249794?s=46&t=ynGnb7xJVrTxG5TiGB5Lhg,"""covid gawa ng china"", ""chinese ginawa covid""",@j_rojales1988,jhonric rojales,No bio,0,2020-01,459,5,"Tagaytay, Calabarzon",Silent war ng china ang #COVIDãƒ¼19 #COVID19Pandemic  dami nawalaan ng trabho gawa ng covid na yan ..,06/06/2020 12:22
https://twitter.com/rainbow06406065/status/1382107171467317248?s=46&t=ynGnb7xJVrTxG5TiGB5Lhg,"""covid gawa ng china"", ""chinese ginawa covid""",@rainbow06406065,rainbow,Greatest faith,1,2020-12,1060,558,No location,MAHAL NA PANGINOON please maawa po kayo sa mga Filipino na biktima ng Panlilinglang ng mga hudas sa gobierno. Tunawin na po nyo ang COVID-19 na gawa ng traidor na Lucifer China kasabwat ang mga hudas na Filipino. Please FATHER ALMIGHTY show to the Devil that thou art great.Amen.,14/04/2021 7:03
https://twitter.com/rowenalagadia/status/1400649623602040834?s=46&t=ynGnb7xJVrTxG5TiGB5Lhg,"""covid gawa ng china"", ""chinese ginawa covid""",@rowenalagadia,RtL,"NO Man is ever whipped ,until He Quits-in his own mind'",0,2015-08,387,1781,Japan,Wala ng katapusang covid Na gawa ng China khit pa May mga vaccine na wla pa rin kwenta,06/04/2021 11:04
https://twitter.com/umvanjay/status/1356283100607574016?s=46&t=ynGnb7xJVrTxG5TiGB5Lhg,"""covid gawa ng china"", ""chinese ginawa covid""",@umvanjay,Umvan,"ğ“˜ ğ“µğ“¸ğ“¿ğ“® ğ“¶ğ“®, ğ“œğ”‚ ğ“¢ğ“®ğ“µğ“¯ & ğ“˜",1,2018-09,102,88,"Olongapo City, Central Luzon","Basta gawa ng china fake!!
Diba covid??",02/02/2021 0:47
https://twitter.com/barcelonmackie/status/1253671601125486593?s=46&t=ynGnb7xJVrTxG5TiGB5Lhg,"""covid gawa ng china"", ""chinese ginawa covid""",@barcelonmackie,Ğ¼ Î± Ñ,cherslene,0,2018-07,981,437,nasa dilim lagi!!!,"covid di tatagal yan, gawa ng china eh haha ğŸ˜",24/04/2020 21:06
https://twitter.com/kimboo1627/status/1287228132739579904?s=46&t=ynGnb7xJVrTxG5TiGB5Lhg,"""covid gawa ng china"", ""chinese ginawa covid""",@kimboo1627,kim boo,Alter ego / an activist but not troll / speak up,1,2020-04,392,157,No location,"naka tali ang kamay ng taong bayan! kaya talagang itutulak nila ang cha-cha, kung iisipin mo baka nga gawa ng china tong covid dahil sinasamantala ni duterte tong pandemya at kaalyado pa nya tong china. magugulat na lang tayo lahat ng foreign investment dito under china",26/07/2020 11:27
https://twitter.com/baebae_rv/status/1239482703663124480?s=46&t=ynGnb7xJVrTxG5TiGB5Lhg,"""covid gawa ng china"", ""chinese ginawa covid""",@baebae_rv,ê³°ëŒì´ Ê•â€¢á´¥â€¢Ê” Rover,â€¢ ğ“‡â„¯ğ“‹â„¯ğ“ğ“Šğ“‹ 5 - 1= 0 â€¢ â€¢ á—°á—´á’ªOá—ªY ì˜ˆì§€ì•ì‚¬ â€¢ â€¢ ğ—²ğ˜…ğ—¼-ğ—¹ ì‚¬ë‘í•˜ì â€¢ â€¢ áµ˜áµƒáµ‰â¿áµƒ ğ™ğ™ª â€¢ â€¢ sÍœÍ¡eÍœÍ¡sÍœÍ¡aÍœÍ¡nÍœÍ¡gÍœÍ¡ ê¹€ì„¸ì • â€¢ â€¢ mÍyÍ êª–ê«€ğ˜´Ïêª– â€¢ â€¢ nct doyoungieâ€¢ â€¢sone ì†Œë…€ì‹œëŒ€â€¢,1,2019-11,962,340,kpop and kdrama world,"Lt Nanay ko HAHAHAHA 

Mama: Ang CoVid na yan ang matibay na gawa ng china kaysa mga gamit na ginawa nila. 

Wtf Ma! HAHAHAHAHA",16/03/2020 17:24
https://twitter.com/tatabarang/status/1289133670318501888?s=46&t=ynGnb7xJVrTxG5TiGB5Lhg,"""covid gawa ng china"", ""chinese ginawa covid""",@tatabarang,Tata Barang,"Pink to Black, when trolls haunt, time for candles, rituals, and spells for the wicked

i follow back followers and unfollow those who unfollowed",1,2011-01,5535,5398,Republic of the Philippines,"Ito ba ang china na bff ni gongdi? Mahal ninyo china, pahawa kayo ng covid, gawa nila yun",31/07/2020 17:39
https://twitter.com/clebxcleb/status/1396858577252323329?s=46&t=ynGnb7xJVrTxG5TiGB5Lhg,"""covid gawa ng china"", ""chinese ginawa covid""",@clebxcleb,cleb,basta,1,2017-12,366,98,"Bulacan, Central Luzon","Midnight thoughts

What if yung covid hindi talaga siya natural na sakit. Gawa talaga siya ng china para huminto yung economy ng buong mundo.",25/05/2021 0:00
https://twitter.com/imrknz/status/1282296226998898690?s=46&t=ynGnb7xJVrTxG5TiGB5Lhg,"""covid gawa ng china"", ""chinese ginawa covid""",@imrknz,Mark Enzo,INFJ | (â•¯Â° - Â°ï¼‰â•¯ï¸µ â”»â”â”» | this is a rant account,0,2015-08,659,8780,Piltover,"Dapat lahat ng mga bansa sa mundo singilin ang China sa damages na gawa ng COVID-19. I think this virus is man-made. Kung naturally occurring yan edi dapat noon palang meron na nito. Besides ""coincidence"" ba na may virology institute sa mismong Wuhan? ğŸ˜‘",07/12/2020 20:50
https://twitter.com/urbskie/status/1280730586135572480?s=46&t=ynGnb7xJVrTxG5TiGB5Lhg,"""covid gawa ng china"", ""chinese ginawa covid""",@urbskie,Ï©É¾Ö…Õ²,No bio,1,2018-07,214,89,No location,Pano kaya pag gawa lng ng china covid tsaka bagong virus para maubos pera ng bansa para umutang sakanila at masakop ang bansa,07/08/2020 13:09
https://twitter.com/HRHLyza/status/1449912709928001536,"""virus gawa china""",@hrhlyza,HRH Lyza,You can never classify me.,1,2011-08,71,33,Philippines,"@AzurPaps @dzbb @jhomer_apresto Mukhang wala ka pang trenta aÃ±os, hijo...at bagong gawa ang Twitter account mo. Magbasa-basa ka naman sa WHO at CDC website. Kahit China nagulo sa binansagang ""Wuhan virus"". Tsk tsk tsk. https://t.co/R5dlvHdwsF


{Image: A screenshot of another twitter userâ€™s profile}",18/10/2021 9:38
https://twitter.com/splendidgriffin/status/1249813390039470080,"""virus gawa china""",@splendidgriffin,splendid griffin,velle est posse,1,2009-05,708,109,No location,"@ABSCBNNews Yung virus, gawa ng China, galing China. ğŸ¤¨",14/04/2020 5:35
https://twitter.com/marinellelotado/status/1249742377679388684,"""virus gawa china""",@marinellelotado,C A R E L E S S â˜,"Wannable â™¡ EXO-L

 JaDine Fan 03-15-14âš“ 

|The Vamps| JUANISTA ~LA ARMY ~ DONNY â™¡ ADIE ğŸ’™ F4 Thailand ğŸŒ  TUğŸŒ» Brightâ˜€ï¸ DewğŸƒ Winâœ¨ NaniğŸ˜ Ohm ğŸ«¶ Nanon ğŸŒŸ Prim ğŸ’«",0,2013-10,353,590,Republic of the Philippines,Hindi ko lang talaga maintindihan ngayon na napatunayan na gawa yung virus sa lab sa china bakit friends pa din ang bansa natin at bansa nila.,13/04/2020 0:52
https://twitter.com/debbiebuu/status/1249706526551363584,"""virus gawa china""",@debbiebuu,debbie,booz,0,2011-01,420,334,PH,gawa daw tlga ng china ung virus ğŸ˜­ i dont like this dinner conversation ğŸ˜­ğŸ¤¡,13/04/2020 22:30
https://twitter.com/negachaejalnaga/status/1221235351445860352,"""china gumawa virus""",@negachaejalnaga,kyle is inactive,"Iâ€™ll make it someday, Iâ€™m claiming it. | wattpad: my.w.tt/xaZhbteZx7",1,2019-04,517,267,"brent, kn, gwy",chinese new year pa e papatayin din naman tayo ng virus na china ang gumawa hsksjksksks,26/01/2020 8:56
https://twitter.com/dckervin29/status/1225205145878724608,"""china gumawa virus""",@dckervin29,Kervin,faith in godğŸ™,1,2020-02,72,3,"Manila City, National Capital Region","Putang ina Ang china talaga sila pala Ang gumawa ng Corona virus may secret loboratory sila wuhan market sa under ground nito at aksidenteng sumingaw sa labas ng market ng wuhan kaya kumalat Ang virus na ginawa nila,tapos ginawa nilang human testing Ang sarili nilang kababayan at",02/06/2020 7:50
https://twitter.com/boybasagPH/status/1339550692218785797,"""china gumawa virus""",@boybasagph,Brad ğŸ¥,Believes in principle of FAFO (FuckAround=FindOut),1,2017-01,852,1150,Multiverse,@gmanews mas tiwala prin ako sa vaccine na gawa ng china! dahil sila ang gumawa ng virus!,17/12/2020 20:39
https://twitter.com/mybabypipay/status/1305814519252267009,"""china gumawa virus""",@mybabypipay,Gina Lim,No bio,1,2012-06,158,96,Taguig,"@ABSCBNNews Ang galing ano, gumawa sila ng virus tapos sila din gagawa ng vaccine. Totoo nga siguro na man made yung virus, gawang China",15/09/2020 18:23
https://twitter.com/frenchfernande2/status/1309280676869361665,"""china gumawa virus""",@frenchfernande2,Morning Girl,I love my country second to our Lord God,1,2020-01,3294,2213,No location,"Nasadaktan ang china sa mga sinabi ni trump, Totoo naman, gumawa sila ng virus at pinakalat sa@buong mundo kaya dapat managot mga demonyong yan, lalo na si xi jin ping at ang buong red china military",25/09/2020 7:56
https://twitter.com/CasipitNesmar/status/1289850828002455553,"""china gumawa virus""",@casipitnesmar,Nesmar Casipit,I likeyou,1,2020-07,24,0,No location,"China talaga Ang gumawa Ng virus na Yan
#ChinaAngVirus 
https://t.co/Gwyftqi8SG",08/02/2020 17:09
https://twitter.com/pinamto/status/1292417928814407680,"""china gumawa virus""",@pinamto,Stephanie rin pinamto,No bio,1,2020-07,1,1,No location,"Gumawa n nga kayo ng virus china nag share p kayo tindi nyo
#LayasChina #ChinaAngVirus https://t.co/Z79fjg07N2",08/09/2020 19:10
https://twitter.com/JPOOOOL/status/1298798301085458434,"""china gumawa virus""",@jpooool,ä¿ç½—ç”·å­© #AcademinFreeze,XVI,1,2020-01,63,43,"Miami Beach, FL",PAK U CHINA KASALANAN MO TO KUNG BAKIT KAMI NA NAHIHIRAPAN NGAYON KUNG HINDI KAYO GUMAWA NG PUTANGINANG VIRUS NIYO EDI SANA NORMAL LAHAT NG BUHAY NG MGA TAO NGAYON.,27/08/2020 9:43
https://twitter.com/BrandoMarlon_BM/status/1299387982957498373,"""china gumawa virus""",@brandomarlon_bm,Brando Marlon,"COMICS, MOVIES, SERIES and ANIMEs",1,2020-02,425,29,House Revan,"@gmanews Kasi china lang talaga ang gumawa ng virus para guluhin ang pang-araw-araw ng mga tao sa mundo. Kung ayaw nyo chinese, e di mga instik beho na lang may mga kasalanan. Sige sila na lang.",29/08/2020 0:46
https://twitter.com/Vardinet2143/status/1271329704750923776,"""china gumawa virus""",@vardinet2143,Vardi,à¸‰à¸±à¸™à¸£à¸±à¸à¸„à¸¸à¸“ ğŸŒˆ,0,2016-04,90,213,National Capital Region,Sila nga gumawa ng virus tapos sakanila pa galing ung vaccine ğŸ™‚ hay nako baka MADE IN CHINA yan hahahahah fake,06/12/2020 14:33
https://twitter.com/kennethnantes7/status/1266194818633363459,"""china gumawa virus""",@kennethnantes7,VM Kenneth Nantes,"Vice Mayor, Entrepreneur, Pilot, SkyDiver, Surfer, Wakeboarder, ScubaDiver, Traveler, Mountaineer, Rock Climber, Biker, Musician, Frat man",0,2012-12,279,589,"Sampaloc, Quezon","Syempre sila siguro ang gumawa ng virus, kaya malamang sila din ang may antedote o vaccine. Di ko alam kung ako lang, pero wala talaga akong tiwala sa China. Pakiramdam ko tama ang mga conspiracy theories about Covid19.",29/05/2020 10:29
https://twitter.com/woomi_i/status/1274483431250866176,"""china gumawa virus""",@woomi_i,ğŸœ,No bio,1,2018-08,556,524,ğŸ³ï¸â€ğŸŒˆ,Nakakainis talaga china potek gumawa na nga ng virus..kakain pa ng aso saka pusa anak ng putragis!!!,21/06/2020 7:25
https://twitter.com/Pepsicollagen/status/1257188714234605568,"""china gumawa virus""",@pepsicollagen,Pepc Paloma,5â€11  Kakampink ğŸ’–,1,2015-01,3713,6349,No location,@chronus14 Korek! Parang china lang. gumawa sila ng virus they offered help then yun na may utang na loob kana sakanila.,05/04/2020 14:02
https://twitter.com/monetski07/status/1257658695690801153,"""china gumawa virus""",@monetski07,mamÃ¼,AMAZONANG PALABAN!,1,2010-09,238,11,"uae, manila","ANG GAHAMANG KOMUNISTANG TSINA, NA GUSTONG SAKUPIN AT MAG HARI HARIAN SA BUONG MUNDO, GUMAWA NG NAKAKAMATAY NA CORONA VIRUS GALING SA WUHAAN , CHINA.. PARA PATAYIN ANG MGA TAO SA BUONG MUNDO, UPANG SILA NA ANG MAMUNO SA DAIGDIG! 
#KILUSANONTRATSINA https://t.co/zLGhDttB2a",05/05/2020 21:09
https://twitter.com/ab_pantaleon/status/1262672310164570112,"""china gumawa virus""",@ab_pantaleon,Abpantaleov,Life Is Good,1,2012-09,227,1623,Republic of the Philippines,@ABSCBNNews China ang gumawa ng virus sila din ang naka discover ng vaccine WTF,19/05/2020 17:11
https://twitter.com/Amistoso_Jake24/status/1266183269470441478,"""china gumawa virus""",@amistoso_jake24,V A L,I don't know much also about myself,0,2016-04,11,4,No location,"@gmanews China parin iniisipğŸ¤¦â€â™‚ï¸ğŸ¤¦â€â™‚ï¸ğŸ¤¦â€â™‚ï¸. Sila nga gumawa ng virus, kaya sila din unang may vaccine. Di lang nila pinapublic sa ibang bansa",29/05/2020 9:43
https://twitter.com/JanRhian/status/1433307289566519297,"""virus gawa china""",@janrhian,Jan Rhian Tabay,If you never know Love then you never know God. â¤,0,2019-09,66,0,No location,@DrTonyLeachon Simple lang china may gawa sa virus kaya mas prefer na sa china din kumuha ng bakuna ğŸ¤£,09/02/2021 13:54
https://twitter.com/jecael31/status/1389364018293264384,"""virus gawa china""",@jecael31,Solo,No bio,1,2020-06,304,16,Caloocan,Salamat sa china at madaming Business ang nagsara at nawalan ng trabaho dahil sa Covid na gawa nyo . salamat Tay at hinayaan nyo kumalat ang virus upang magkaron tayo nglibreng Vaccine at mag karon ng utang na loob sa  China Salamat  Tay,05/04/2021 7:39
https://twitter.com/AlexandraRoxas3/status/1386647025127620613,"""virus gawa china""",@alexandraroxas3,Lex,God is good ğŸ™,0,2021-04,68,0,"Ibaan, Calabarzon","Bukod sa virus na gawa ng china , nang aangkin din sila ng di naman kanila teretoryoâœ”ï¸",26/04/2021 19:43
https://twitter.com/hyu_mher/status/1387710273855787010,"""virus gawa china""",@hyu_mher,rhem,No bio,1,2014-07,62,13,No location,"@ANCALERTS Tignan mo ang china kung paano sila ka tuso,,sila ang may gawa ng Virus,tapos sila din ang gagawa ng vaccine, .",29/04/2021 18:08
https://twitter.com/DStudentOnline/status/1373111256169639936,"""virus gawa china""",@dstudentonline,The Student Online,"Follow me now, and you will never know whether I am sarcastic with my tweets or not. Interpret it in any way you want.
ğŸ‡µğŸ‡­ğŸ‡»ğŸ‡¦ | Will try to Catholic-pill you",1,2020-09,484,613,Republic of the Philippines,"Kung nakayang gumawa ng pangalan na ""Philippine Variant"" bakit yung virus mismo na gawa ng China, di maipangalan ng China Virus?",20/03/2021 11:16
https://twitter.com/ernanskie/status/1363356864952504320,"""virus gawa china""",@ernanskie,ernani medenilla,"Still single, had depression and now a diabetic, yet having a blast! always look good on being positive!
Enjoy life while you can",0,2009-05,86,8,"Olongapo City, Philippines","@lordbulb001 @selim_qdc @News5PH Wow ha, lubog lahat... dahil ang boss mong China nag hasik ng VIRUS na gawa sa kanilang LABORATORY SA WUHAN... at proud ka pa nyan? hahahha nakaka hiya isang to.",21/02/2021 13:16
https://twitter.com/rainbow06406065/status/1346637303712681984,"""virus gawa china""",@rainbow06406065,rainbow,Greatest faith,1,2020-12,1054,557,No location,@ANCALERTS Baka kasi mabuking si China na talaga may laboratory sila ng pag gawa ng corona virus kaya di nagpapasok ng experts. Ikaw kasi WHO pinagtakpan mo si China noon. Nakipag connived ka k China.  Cover- up ang ginawa mo kaya nagkalat agad ang virus. Bakit? Nagbayad ba si China sayo???,01/06/2021 9:58
https://twitter.com/ethanreddavid/status/1342271714986618880,"""virus gawa china""",@ethanreddavid,Ethan David Osteopath,half French/Filipino,0,2017-11,434,634,No location,Sa Hong-Kong nga may na itala nanaman na may case sa covid pinaka tumagal na gawa ng China ang virus grabe ginagawa lng pra sa business kase lahat ng virus sa China lagi nang gagaling bro pra sinasadja ng China tapos yong covid Lalo pla lumalala,25/12/2020 8:51
https://twitter.com/bossdosss/status/1343791555623063555,"""virus gawa china""",@bossdosss,â€¦,1 of 1,0,2019-02,162,91,phase 4 kaliwa,"galing ng china amputik, gawa virus tas benta gamot.",29/12/2020 13:30
https://twitter.com/petmalusumapak/status/1309852118979805184,"""virus gawa china""",@petmalusumapak,changeğŸ’ªğŸ½,No bio,1,2011-12,116,11,"Central Luzon, Republic of the",@ABSCBNNews @DZMMTeleRadyo LECHE!!! DAPAT YAN SA  CHINA GYERAHIN SILA MAY GAWA NITO VIRUS!!! POTA!!!,26/09/2020 21:47
https://twitter.com/KarlCarandang_/status/1246096950622949376,"""china gumawa veerus""",@karlcarandang_,karl,nugii || BS ECE || AB Comms,1,2012-04,408,680,downtown x lanross,"TANGINA. CHINA HINDI PREPARED, EH SILA GUMAWA NG VEERUS NA YAN EH",04/03/2020 23:27
https://twitter.com/MiggyHanDel/status/1242610474484523009,"""china gawa veerus""",@miggyhandel,Â§uper Ginger,"Einigkeit und Recht und Freiheit, fÃ¼r das deutsche Vaterland!",0,2013-05,184,35,"Central Luzon, Republic of the","At ano na naman â€˜tong bagong â€˜veerusâ€™ na galing na naman sa China? HANTAVIRUS. Sige China, gawa pa kayong maramin virus.",25/03/2020 8:33
https://twitter.com/Ju_anNotHuwan/status/1248204164045213696,"""china gawa veerus""",@ju_annothuwan,Juan,"Twitter locked my original account, but here I am.",0,2018-09,20,26,No location,Yung pinaka nakakainis yung mga sinasabing China numbah one. Numbah 1 saan? Sa pag gawa ng veerus?,04/09/2020 19:00
https://twitter.com/mightykite/status/1426377658707832840,"""china gawa veerus""",@mightykite,Mighty Kite,employee,0,2012-04,256,59,"Calamba, Laguna Philippines",Tsk tsk tskâ€¦. Mahinang klase na ang mahal paâ€¦ mayaman na Tsina lalo nyan sa ginawa nilang veerus gumawa pa sila napakamahal na vaccine. Si PDuts mukhang veerus,14/08/2021 10:58
https://twitter.com/franz_fms/status/1378931061455904771,"""china gawa veerus""",@franz_fms,ğŸ‡µğŸ‡­ğŸ‡¯ğŸ‡µFrancis í”„ë€ì‹œìŠ¤ ãƒ•ãƒ©ãƒ³ã‚¹,No bio,1,2009-06,5034,1631,"Muntinlupa, NCR, ğŸ‡µğŸ‡­",Ang main goal talaga ng Tsina is to rule the world. Tingnan niyo majority owned na tayo ng Tsina dahil sila gunagawa ng veerus na yan and nagka pandemic. Tapos bulag-bulagan pa itong ibang tao. HHHAAAAAYYYYS KALOKA!,04/05/2021 12:42
https://twitter.com/_jljvr/status/1244633061200809985,"""china gawa veerus""",@_jljvr,javi brain rot era,"med student sa umaga, med student pa rin sa gabi pero pagod nga lang",0,2011-09,1158,785,No location,@sofiesticatedxx pero ginawa talaga nila yung veerus na yun e,30/03/2020 22:30
https://twitter.com/teej713/status/1257250468385812481,"""china gawa veerus""",@teej713,TGS,Batangan. Fake people Up yours,1,2011-10,552,69,Batangas/ Quezon City,@pepcpam Kaya nga idol din nyan mga beho ganun din gawain nila. Ginawa nila covid tapos gumagawa ng gamot panlaban sa veerus tas pag nagtagumpay bebenta na nila sa buong mundo. Profit. Galing. Na nyo,05/04/2020 18:07
https://twitter.com/lynbagsik/status/1349853519663120385,"""china gawa veerus""",@lynbagsik,lyn bagsik,No bio,0,2011-01,152,33,Philippines,Bright talaga. Gumawa sila ng veerus tapos nagbenta ng vaccine na mahal ğŸ’‰,15/01/2021 6:58
https://twitter.com/acefairymage/status/1221064072021463042,"""china gawa veerus""",@acefairymage,alma,government worker,0,2011-08,478,130,BOHOL,China made the virus. China makes the vaccines. China gets the money.,25/01/2020 21:35
https://twitter.com/HenryFranz12/status/1232164022880886788,"""china gawa veerus""",@henryfranz12,Henry Franz,"Retired military,independent not a sheep",0,2018-10,554,252,"Republic of the Philippines, From Texas, retired","REALLY,WE LET THEM IN AND LOOSE CONTAINMENT,REALLY,WHY DID WE NOT KEEP THEM OUT TILL CURRED,BECAUS OUR GOVERNMENT WANTS TO KIKK US OFF TO MORONS,W.T.F.U. ITS PEOPLE CONTROL,WORLD WIDE AND CHINA MADE IT HAPPEN,THEY MADE THE VIRUS.",25/02/2020 12:42
https://twitter.com/eros_gianan/status/1398543069008465921,"""china gawa veerus""",@eros_gianan,ğš›ğšŠğš—ğšğšğš›.ğš™ğš‘,ğŸ…˜ï¸ ğŸ…šï¸ğŸ…ï¸ğŸ…ï¸ğŸ…¦ï¸ ğŸ…ï¸ğŸ…ï¸ğŸ…£ï¸ğŸ…—ï¸ğŸ…˜ï¸ğŸ…ï¸ğŸ…–ï¸,0,2010-06,944,1308,Republic of the Philippines,"Sa lahat ng China made product ang masasabi lang natin top of the line ang quality ay ang ""Wuhan"" virus aka Covid 19.",29/05/2021 15:33
https://twitter.com/DakilaGeronimo/status/1250032398483574784,"""china gawa veerus""",@dakilageronimo,JD Alpha,ğŸ‡µğŸ‡­,1,2009-07,575,247,Dxb,Never ko kakalimutan hangang sa kaapo apuhan ko na etong corona virus ay galing at gawang CHINA!And i will only call it the China virus or CCP (china communist party) virus! Tag nyo na kong racist wla ako pakialam! At taena mo pa rin Duterte sa patuloy na pagsamba mo sa china! ğŸ˜¡,14/04/2020 20:05
https://twitter.com/dar_darby_daryo/status/1268432757954207744,"""china gawa veerus""",@dar_darby_daryo,Daryo,PUHON!,0,2015-03,598,611,No location,"Minsan na nga lang may tatagal na gawang China, virus pa!",06/04/2020 14:41
https://twitter.com/changyuen14/status/1306566114747457542,"""china gawa veerus""",@changyuen14,chang yuen zhou,...i love my own my native land...PHILIPPINES my PHILIPPINES...onward to greatness!...,0,2015-08,4864,2186,San Fernando City,"@m_adelie ...pag bili kc natin ng facemask, face shield, PPE, plastic sheets, ruler, measuring tapes etc ay alalahanin nating lahat na ang mga iyan gawang tsina lahat kay monopolisado talaga ng mga beho kasama ang china virus na created din nila...",17/09/2020 20:10
https://twitter.com/xopcrlen/status/1239151143927705600,"""china gawa veerus""",@xopcrlen,ãƒãƒ¼ãƒªãƒ³ ğŸ¤,"sometimes , the only one you can trust is yourself             MYLITTLEPSâ™¥ï¸",0,2019-10,102,9,No location,Covid-19 ang nagpatunay na hindi lahat ng gawang china ay madaling masira.,15/03/2020 19:27
https://twitter.com/thegersonraven/status/1279025494999040000,"""china gawa veerus""",@thegersonraven,gerson raven,road manager (RAS) | makeup artist | photographer | sining | tumateatro | Instagram: thegersonraven ğŸ’¯,0,2013-08,711,1836,Doon,"Ganun kaloyal ang administrasyon, hindi nila kayang sugpuin ang COVID, kasi nga gawang China.",07/03/2020 20:13
https://twitter.com/ValirieQuinsay/status/1238470400440295424,"""china gawa veerus""",@valiriequinsay,valirie,Makeup Artist and Makeup Addict,0,2016-07,225,84,"Urdaneta City, Ilocos Region",Ngayon nyo sabihin na mahina ang gawang china! #Covid_19 #lockdown,13/03/2020 22:22
https://twitter.com/miguelcmtn/status/1251438167204360192,"""china gawa veerus""",@miguelcmtn,ğ™¢ğ™ğ™œğ™ªğ™šğ™¡,IE,0,2013-08,295,450,No location,Tanginang covid-19 yan. Eto lang ata ang gawang china na nag tagal ehğŸ˜´,18/04/2020 17:11
https://twitter.com/jeromeroni12/status/1276592648308969472,"""china gawa veerus""",@jeromeroni12,Rome Trese.,ğŸ”°,0,2016-12,584,351,No location,Sa dinami ng gawang Tsina bakit ba covid pa pinakamatibay..........,27/06/2020 3:06
https://twitter.com/JaeDCtheMC/status/1257974336708722688,"""china gawa veerus""",@jaedcthemc,JÃ† freakin' DC,#HypeTheWorld #HypemanInc #FuccboiSlayer #LunaticMC #ButNotStupid #KontrabandoMan #FuckBidaBida,0,2011-09,141,45,Lunatic City,"Maling Mali yung panggigipit ng NTC sa ABS-CBN. 11,000 people ang mawawalan ng trabaho sa gitna puÃ±etang COVID-19 na gawang Tsina!",05/06/2020 18:03
https://twitter.com/changyuen14/status/1254025883582558209,"""china gawa veerus""",@changyuen14,chang yuen zhou,...i love my own my native land...PHILIPPINES my PHILIPPINES...onward to greatness!...,0,2015-08,4864,2186,San Fernando City,...songs are made to rejoice and to feel happy for what is going on...pero TIRIK NA ANG MGA MATA NG MGA PILIPINO SA GUTOM...KIMKIM ANG TAKOT NG MGA PILIPINO SA PESTENG COVID 19 na gawang TSINA...isa isangtabi mo muna yan IMELDA. MAKIDALAMHATI KA SA AMIN..,25/04/2020 20:34
https://twitter.com/tedpylon/status/1288315646741057536?s=46&t=JmMLm83Sp5kkSRFjYH14FA,"""china gawa veerus""",@tedpylon,Ted Pylon,"Attached to nothing, connected to everything.",1,2013-03,79,91400,No location,@thePJJP Pambili raw ng vaccine na gawa ng China laban sa veerus na galing din sa kanila. Haha,29/07/2020 11:29
https://twitter.com/mertinsantos/status/1457342071627411459,"""virus gawa china""",@mertinsantos,mertin santos,I want a donut,0,2013-08,4790,1293,Manila,"@kalakumag @143SunnyDelight Ang sabi ng Tsina kung saan daw ito nag umpisa ay BINATO lang daw sa kanila ang virus.

Ang sabi naman ng USA ay China virus daw ito at dahil sa kapabayaan ay lumigwak.

Ang sabi ng WHO ay hindi daw nila alam kung saan galing.

Ang sabi ng kutsero gawa daw nila both.

Ewan ko?",11/07/2021 21:40
https://twitter.com/Clivedwilson/status/1474061053331914763,"""virus gawa china""",@clivedwilson,Clive Wilson,just another one stealing the youths of today oldies of tomorrows future,1,2012-01,44,92,near bristol,"@Ian_gawa @SkyNews Strange you missed out where this killer virus came from
It came from the CCP virology laboratories in Wuhan China",23/12/2021 0:55
https://twitter.com/meowmoew00/status/1384517592304414725,"""covid gawa sa china""",@meowmoew00,ğŸ±,No bio,1,2021-04,3,1,No location,"nag simula ang lahat dahil sa covid na yan kaya nag kakagulo ang lahat,gawa tlga ng china yan pra ma invade nila ang mga isla sa palawan..",20/04/2021 22:41
https://twitter.com/rainbow06406065/status/1376986626425905153,"""covid gawa sa china""",@rainbow06406065,rainbow,Greatest faith,1,2020-12,1059,558,No location,Kawawa mga Asians pinag iinitan sa ibang bansa dahil sa COVID-19 na to na gawa ng satanic evil na China. Damay lahat. Dapat sana tong mga ambassador na mga tsikwa ang pagbubugbugin.,31/03/2021 3:56
https://twitter.com/leisbeth_recto/status/1352744847271104513,"""covid gawa sa china""",@leisbeth_recto,Leisbeth Recto,"Good leaders sacrifice for others to survive. Bad leaders sacrifice others to survive.
",0,2017-09,2077,8651,Philippines,"Ang Covid-19 virus na ngayon ay patuloy na kumikitil sa milyong-milyong buhay ay nagmula daw sa China.

Kaya bakit natin pagkakatiwalaan ang kanilang bakuna laban sa virus na sila rin nman ang may gawa?

Esep-esep.",23/01/2021 6:27
https://twitter.com/AveryAl21657283/status/1337848866184392705,"""covid gawa sa china""",@averyal21657283,Avery Allen,DanceğŸ’—ğŸ’—,1,2020-11,26,0,No location,"Pinaka matagal at malaking gawa sa china......
Yung
Covid-19ğŸ˜‚ğŸ˜‚ğŸ˜‚âœŒ",13/12/2020 3:56
https://twitter.com/itscarlclemente/status/1314118810404749312,"""covid gawa sa china""",@itscarlclemente,The Bekilor & His Designated Drama,"When I was a kid, I wanted to be a superhero. Now, I just want to be a kid again.
",0,2010-10,244,796,The QC,"Dear, made in China. ((Then again, ang Covid dun din gawa at hayop sa tibay.))",10/08/2020 16:21
https://twitter.com/babybea59211498/status/1306892113708158976,"""covid gawa sa china""",@babybea59211498,babybear,loving caring passionate  smart cuddly  ur baby na virgin pa...  health advocate...  a friend who will ve wu tru tik n tin,1,2020-03,2467,602,No location,kaso mo malakas backer China... china lang naman nghasik ng covid sa mundo... angas diba... papatayin nya ties with EU at babaligtarin ang kwento... ang pagdurusa ng pinoy ang may gawa.... EU .. diba ang galing baligtarin ang kabutihan katotohanan... iba gumalaw ang kasamaaan,18/09/2020 17:45
https://twitter.com/im_a_taxpayer/status/1266294030763085824,"""covid gawa sa china""",@im_a_taxpayer,Taxpayer,"I am a taxpayer.
",1,2020-04,41,0,No location,Umaasa talaga sya sa China noh? Di ata aware ang pangulo na China din may gawa ng covid. My Gawdddd i hate drugs,29/05/2020 17:03
https://twitter.com/gavinbensing/status/1242039969390067712,"""covid gawa sa china""",@gavinbensing,GavvvğŸ¥€,"always looking for something
",0,2019-02,319,197,XVI,"Sana yung kalat na pinagga-gawa nitong China e linisin nila. Andami ng apektado, andami ng namamatay ng dahil sa covid na yan.",23/03/2020 18:46
https://twitter.com/aronimac2/status/1238441849792000000,"""ncov"" ""gawa"" ""china""",@aronimac2,akototangaaaa,obb,1,2019-08,222,334,Green na Gate,Taena ncov lang tumagal na gawa ng china ah.,13/03/2020 20:28
https://twitter.com/Bbermudez18/status/1312570890463268864,"""covid"" ""pakana"" ""china""",@bbermudez18,random,Singer | Writer | Blessed | Sinner Saved By Grace | Matthew 14:28,0,2012-03,602,1063,No location,Gagawa ng vaccine si China para pagkakitaan. Sila may pakana ng COVID eh. Dapat libre to.,10/04/2020 9:51
https://twitter.com/carmelaloo08/status/1290083331783024640?s=20,"""covid gawa china""",@carmelaloo08,Carmela Tunay,"ğŸ³ï¸â€ğŸŒˆğŸ“§ carmelatunay@gmail.com// Keep going, you'll get there.",0,2011-12,2474,276856,Makati City,"IT IS A GLOBAL THING THAT OTHER COUNTRIES MANAGED, BUT NOT US BC OF PPL LIKE U AND DUQUE SER.

And yes he did not import COVID, mga idol mo from China may gawa nyan shutaqa",08/03/2020 8:33
https://twitter.com/EsmeraldoArrie1/status/1289295050417901570,"""covid made in china""",@esmeraldoarrie1,Esmeraldo Arriesgado,No bio,0,2020-04,7,0,No location,"Sabi meron na daw vaccine para sa covid 19 Kaso made in China. Magtitiwala pa ba tayo sa bansa na Ito ,matapos sa ginawa nya virus at ikalat sa buong Mundo .",08/01/2020 4:21
https://twitter.com/momma_angel09/status/1473486007773581315,"""covid gumawa china""",@momma_angel09,ğŸ‘¼ğŸ»AAğŸ‘¼ğŸ»,"Shits happens but life goes on!!! 

IG : itsme_ANGHEL_",1,2011-02,318,168,Philippines,Ano ba China?? After nyo gumawa Ng COVID shuta Dinosaur naman ğŸ¤¦ğŸ»â€â™€ï¸ğŸ¤¦ğŸ»â€â™€ï¸ ano gagawin nyo Jurassic park??,22/12/2021 2:50
https://twitter.com/q_karyll/status/1445786771862654984,"""covid gumawa china""",@q_karyll,ZachiTheo_20,- ğ’”ğ’–ğ’Š ğ’ˆğ’†ğ’ğ’†ğ’“ğ’Šğ’” -,0,2021-09,26,6,No location,"Funget kasi ng China , kung ano ano pinaggagawang kagagahan sa buhay , gumawa pa ng covid . Bat niyo kasi sinabawan yung paniki mga bonak.",10/07/2021 0:23
https://twitter.com/ac_20000102/status/1418420667892994054,"""covid gumawa china""",@ac_20000102,ğŸˆâ€â¬›,idgaf.,1,2021-03,192,251,No location,"China rejects WHO plan for the study of #COVID19 origin.
matic nayan kase nga sila gumawa ng virus sila lang din dapat ang gagawa ng gamot. more covid cases/deaths more money! awit.",23/07/2021 4:00
https://twitter.com/neirgudetama/status/1387680940537774081,"""covid gumawa china""",@neirgudetama,neirgudetama,No bio,1,2017-08,22,30,No location,"Malaki daw utang na loob sa China, eh China nga gumawa ng COVID 19 in the first place. Wag na galawin ang China? Wag mo ibenta mga isla ng Pinas!
#DutertePalpak #DuterteTraydor",29/04/2021 8:11
https://twitter.com/ernanskie/status/1363354407954341890,"""covid gumawa china""",@ernanskie,ernani medenilla,"Still single, had depression and now a diabetic, yet having a blast! always look good on being positive!
Enjoy life while you can",0,2009-05,87,8,"Olongapo City, Philippines","@lordbulb001 @selim_qdc @News5PH Only major economy? Syempre China gumawa ng COVID-19, sila ang nagpa laganap nito. sira ka pala e

Eto o mas accurate na report. https://t.co/9jVLNxOMO7",21/02/2021 5:06
https://twitter.com/sarafnuncio/status/1347889015530299395,"""covid ginawa china""",@sarafnuncio,ali,No bio,1,2015-12,185,166,No location,Covid lang ata yung tumagal na ginawa ng china pota,01/09/2021 12:52
https://twitter.com/elalalalaaay/status/1346341080673914881,"""covid ginawa china""",@elalalalaaay,.,No bio,0,2019-04,26,37,diyan lang,"Sa lahat ng ginawa ng China, Covid 19 lang 'yong tumagal.",01/05/2021 6:21
https://twitter.com/DArealGOLD/status/1242560095319277569,"""coronavirus gawa china""",@darealgold,Darry Gold Abalus,"Certified Public Accountant by heartğŸ˜‰
",0,2015-04,124,39,"Solano, Nueva Vizcaya","China, paki patent naman mga gawa niyong virus. Masiyado ng advance Inventions niyoo.
Bayad narin ng Damages niyoğŸ™„ğŸ˜­
#coronavirus
#Hantavirus",25/03/2020 5:13
https://twitter.com/Enrique00431300/status/1290473234903650304,"""coronavirus gawa china""",@enrique00431300,Enrique Villa,always be happy,0,2020-08,42,4,No location,Lumalabas din ang katotohan na kayong mga china ang may gawa at palano ng lahat lahat! #ChinaAngvirus mga salot kayo! Chinese virologist claims coronavirus came from PLA lab | Taiwan News (https://www.taiwannews.com.tw/en/news/3977823),08/04/2020 10:22
https://twitter.com/ArlaLidor/status/1289541972311515137,"""coronavirus gawa china""",@arlalidor,Arla Lidor,"makeups is my thing
",1,2019-01,59,48,No location,kaya dapat tawag na sa corona virus.. China CoronaVirus.. pra wala sinu mang makakalimot na sila ang may gawa ng virus na yan #ChinaAngVirus,08/01/2020 20:42
https://twitter.com/SyreelL/status/1303509506136051712,"""coronavirus gawa china""",@syreell,Syreel Lee,"ï¼°ï¼¨ï¼©ï¼¬ï¼©ï¼°ï¼°ï¼©ï¼®ï¼¥ï¼³

ğ“¢ğ”‚ğ“»ğ“®ğ“®ğ“µ ğ“›ğ“®ğ“®  ğ“¢ğ“ªğ“µğ“²ğ“·ğ“ªğ“¼ ğ“–ğ“¾ğ“¶ğ“ªğ“·ğ“«ğ“ªğ“· ğ“›ğ“ªğ“»ğ“°ğ“¸ ğ“–ğ“¸ğ“¶ğ“®ğ”ƒ

ğ‘†ğ‘¢ğ‘ğ‘ğ‘›ğ‘’ğ‘› ğ‘‡ğ‘Ÿğ‘–ğ‘ğ‘’-ğ‘†ğ‘ğ‘ğ‘›ğ‘–ğ‘ â„ ğ‘ğ‘™ğ‘œğ‘œğ‘‘ğ‘’ğ‘‘-ğ¹ğ‘–ğ‘™ğ‘–ğ‘ğ‘–ğ‘›ğ‘",0,2020-09,104,0,No location,"Ito lang ang pinakamatibay na gawa ng China.
#coronavirus https://t.co/Nps3TAa4wM",09/09/2020 9:44
https://twitter.com/junjijayme165/status/1339672569851432960,"""coronavirus gawa china""",@junjijayme165,Legalist,"Legalist is an online lawyer specializing in contract preparation and review, and legal consultation through the internet.",0,2014-06,659,606,No location,"Ideal: Coronavirus galing sa nature
Reality: Coronavirus gawa ni China",18/12/2020 4:43
https://twitter.com/jeromeyanyow/status/1244551229071437825,"""covid gumawa china""",@jeromeyanyow,JEROME MICHAEL G.ğŸ’¸,343323601 dota 2 ğŸˆ // inquire me @  Primelensdigitalstudio.com ğŸ¥ğŸ“·,0,2015-05,324,188,No location,Mga chinese na yan hilig talaga gumawa ng made in china tignan mk yung covid ayun lang yung legit na gawa nila ğŸ¤¦â€â™‚ï¸ğŸ¤·â€â™‚ï¸,30/03/2020 17:05
https://twitter.com/frenchfernande2/status/1242699736303513600,"""covid gumawa china""",@frenchfernande2,Morning Girl,I love my country second to our Lord God,0,2020-01,3295,2212,No location,"@RenHu2 @ProfessorUno Tama dahil sa pilipinas, meron pangulo at mga gabineteng, tuta ng China at utusan ni XI Jin ping ang salot at hayop NA gumawa ng covid virus",25/03/2020 14:28
https://twitter.com/junncabanaoan/status/1242468448577429505,"""covid gumawa china""",@junncabanaoan,underrated.keivenn,skeptical sanguine,0,2016-03,207,278,Thea Angel's â™¥,"CHINA CREATED COVID AND THIS VIRUS ONLY IS SEEN AS PANDEMIC. BUT AS OF NOW, COVID IS GIVING THE EARTH TIME TO RECOVER. KAYA PLEASE CHINA, OKAY NA YUNG COVID LANG, NO MORE VIRUS, GUMAWA PA NG ISA EE. KABABOYAN",24/03/2020 23:08
https://twitter.com/jconcepcion929/status/1246517594112135168,"""covid gumawa china""",@jconcepcion929,Wazowski,Life's a mess,0,2018-09,668,225,anodrac,Putanginaa mo covid ha tanginaa sinisira mo mga plano ko ngayong bakasyon putanginaa mo umalis ka na sa pinas balik ka na sa china yung gumawa sayo sila patayin nyo,04/05/2020 3:18
https://twitter.com/flourescent18/status/1274117322140082176,"""covid gumawa china""",@flourescent18,flourescent,knowbetter,1,2020-04,234,2,No location,"@cnnphilippines covid-19 test kits will only prove futile when it is made in CHINA. ""HINDI NA TAYO NATUTO! CHINA NA ANG GUMAWA NG CHINESE VIRUS COVID-19,SIYA PA RIN ANG NAGKAPERA. PINOYS LOOK STUPID!",20/06/2020 7:10
https://twitter.com/jaydra17/status/1267515149692239873,"""covid gumawa china""",@jaydra17,Jaydra,Actors & Actresses Arts & Culture Classic Rock Dance/Electronic Cute animals Design & Architecture Entertainment Fashion & Beauty Fitness Government & Politics,1,2016-04,184,26,"Marikina City, National Capital Region",Sinadya ng China na gumawa ng covid virus para mabenta mga production nila? Kumita nanaman ang China dahil online na raw ang schooling ng mga bata.,06/02/2020 1:55
https://twitter.com/KyleBurke0169/status/1299567676424163330,"""covid gumawa china""",@kyleburke0169,Kyle Burke,Nothing much in life. Cool dude. Chill,0,2018-12,325,159,"Ketchikan, Alaska","@TrillanesSonny Sonny, pls e siwalat mo na kung anong ginawa mo sa china. Kasama kaba sa gumawa ng covid or kasama ka sa pag benta. Sabihin mo na before matapos ang mundo. ğŸ¤¯ğŸ¤¯ğŸ¤¯",29/08/2020 12:40
https://twitter.com/AKOSiLOLANiDORA/status/1424158119291023367,"""covid ginawa china""",@akosilolanidora,LOLA NIDORA,No bio,1,2012-08,4264,826043,No location,"GUSTO KO LANG MALAMAN KUNG PAANO GINAWA NG CHINA ANG COVID, ANO KAYA MGA INGREDIENTS NILA , ANG LALA KASI NG DAMAGE , CHINA BAKA NAMAN !!!!",08/08/2021 7:58
https://twitter.com/Rads16573622/status/1437297213479133187,"""covid ginawa china""",@rads16573622,Rads,Eut,1,2021-06,30,3,No location,@rryyyaaaannnn You know what while watching the hearing. Na conclude ko ang COVID-19 ay ginawa ng China  para maging negosyo at maging supplier sila ng lahat at may connection sa government kaya look puro Chinese ang mga sangkot. Tapos mali2 pa ang mga sinasabi. Kawawa mga namatay dahil dito.,13/09/2021 14:08
https://twitter.com/cjncndro/status/1239454358976135169,"""ncov gawa china""",@cjncndro,nero,Her,1,2019-05,270,354,"Miyagi-ken, Japan",Sa lahat ng gawa ng china ncov yung hinde pake HAHAHAHAHAHAHAHA,16/03/2020 15:32
https://twitter.com/_KYYYLEEE/status/1249661034303897600,"""ncov ginawa china""",@_kyyyleee,UNCHAINED,ig:_kyyyyylee,0,2018-10,229,173,sa cr tumatae,Sa dami ng ginawa ng china ncov lang nag tagalğŸ¤¦ğŸ»â€â™€,13/04/2020 19:29
https://twitter.com/camscvrn/status/1238820635431677952,"""ncov ginawa china""",@camscvrn,uno,"anon :))

tg:camscvrn",1,2014-01,253,556,mnl,NCOV LANG ANG GINAWA NG CHINA NA HINDI PEKE,14/03/2020 21:33
https://twitter.com/jameslouuuuu/status/1380308857331716098,"""china created covid""",@jameslouuuuu,Leo â™Œ,Nothing,0,2014-01,358,977,"Cagayan De Oro City, Northern","#China Created the Virus para ma divert attention ng lahat, habang busy ang buong mundo dahil sa Pandemic COVID-19 na galing sa Potang inang China! Ang china busy din sila sa pag angkin sa isla ng pilipinas! What the Hell China!This is too much CHINA! Mga mukhang Monggoloid.",04/09/2021 7:57
https://twitter.com/RaxenP/status/1375225001826152448,"""china created covid""",@raxenp,RC ğŸ’ğŸ€ğŸ’ğŸ€,Simple and God Fearing,0,2020-06,48,9,No location,"@inquirerdotnet So Mr Duterte, COVID-19 is a BUSINESS? A business from CHINA. They created the virus para bumagsak ang economy ng buong mundo! ğŸ˜¡ğŸ˜¡ğŸ˜¡",26/03/2021 7:16
https://twitter.com/T4rgetL0cked/status/1407204502214647815,"""tsino gawa covid""",@t4rgetl0cked,Storymaker,You are as good as your last story.,1,2019-03,589,8722,No location,"IBA NA NGA PANAHON NGAYON. PILIPINO NA PINAPAALIS SA PINAS PAG MAMILI NG BAKUNA. 

HABANG YUNG MGA TSINO NA MAY GAWA NG COVID, WELCOME NA SA WPS, WELCOME DIN PATI MAG NEGOSYO KAHIT MGA SINDIKATO.",22/06/2021 13:11
https://twitter.com/JohnronP/status/1286594618637746177,"""tsina ginawa covid""",@johnronp,ron ğŸ‡µğŸ‡­ğŸ‡ºğŸ‡¦ğŸŒğŸ’–,No bio,1,2014-01,3358,1426,No location,"@ka_fredo Kaya ginawa ng Tsina yan covid is to push their evil intentions na walang makakapalag dahil deadly virus ang kalaban, look at HK, bilis tinapos na siyang ginagawa naman dito ng pamahalaan,create chaos around the world while leeching into societies Buti na lang US is pushing back",24/07/2020 17:30
https://twitter.com/kookolatae/status/1312776617173811200,"""china gumawa virus""",@kookolatae,jeff,I stan the most talented group in the world,1,2019-04,69,13,ğŸ‡µğŸ‡­ â€¢ ğŸ‡°ğŸ‡·,TAENA NYO MGA TAGA CHINA KAYO SUMAGOT NITONG MODULE KO TUTAL KAYO RIN NAMAN GUMAWA NG VIRUS,10/04/2020 23:28
https://twitter.com/ismayliqueen/status/1294483387357437952,"""china gumawa virus""",@ismayliqueen,joy,I'm a survivor in more ways than you know,0,2012-02,387,680,"Palawan, PH","Si China gumawa ng virus, sila pa ngayon kumikita ngayon dahil sa faceshield.",15/08/2020 11:57
https://twitter.com/Ongers24/status/1259898736806789125,"""virus gawa intsik""",@ongers24,Name cannot be bl nk,always be kind,1,2018-10,504,326,limasawa street,"pwede na siguro yan, alay niyo sa intsik para maka gawa ulit ng virus tangina nila https://t.co/u26HV9Xcdx",05/12/2020 1:30
https://twitter.com/Bikoyski_/status/1222854285077016577,"""virus gawa china""",@bikoyski_,Arvie Genesis Cinco,"Dude, suckinâ€™ at something is the first step to being sorta good at something.",0,2010-12,102,14,No location,"@cheesecakeula Failed.ğŸ¤¦...umasa na lang tayo na dahil gawa sa China ang Virus ,hindi ito magtatagal.",30/01/2020 20:09
https://twitter.com/Ajie_Mndz/status/1244301585875783688,"""virus gawa china""",@ajie_mndz,AJI-NO-MOTO,"motivate your self, don't listen to those person who only see your mistake.",0,2019-08,185,148,"Tanauan City, Calabarzon","@ortizjoanerika Actually hindi talaga sa paniki galing ang virus. Gawa ng china ang virus para mabawasan ang population nila dahil over populated na sila, bago nila hat gawin ang virus may gamot na agad silang ginawa para sa virus. Nakakalungkot kasi ang dami nang namatay ee.",30/03/2020 0:33
https://twitter.com/khaaateeeyy/status/1243388251236225024,"""virus gawa china""",@khaaateeeyy,kitkat,"aim high, fly highâœˆ

kaâ€¢iâ€¢ros",0,2016-03,298,590,ğŸ‘©â€âœˆï¸âœˆ,"luhh eto pala ung sinasabi ni papa kagabi,, na gawa lang ng china ung virus.",27/03/2020 12:03
https://twitter.com/ANNYoneButMe/status/1243182129590091776,"""covid ginawa china""",@annyonebutme,Anny,"FYI, I DONâ€™T READ REPLIES ğŸ˜‚ğŸ˜œ",1,2012-05,0,43,somewhere over the rainbow,Yep napanood ko yan noon na pwede pala gawin ang ganun for terrorism  kaya nung pumutok ang covid ginoogle ko agad ay kung man made yung covid. May article na lumabas ah na ginawa ang covid ng china para sa mga tao sa HK para mapasunod sila pero aksidente daw nabasag sa wuhan,26/03/2020 22:24
https://twitter.com/Jimjuliandc/status/1243148822454263808,"""virus gawa china""",@jimjuliandc,uyan,No bio,0,2018-04,192,242,No location,Planado ata talaga ang pag gawa sa virus taena mo china!,26/03/2020 20:12
https://twitter.com/iamajashton/status/1242400153769664514,"""virus gawa china""",@iamajashton,ashton ğŸ‘‘,i'm a nice person but this world is turning me cold âœˆï¸ğŸ‡¸ğŸ‡¬ğŸ‡²ğŸ‡¾ğŸ‡¹ğŸ‡­ğŸ‡»ğŸ‡³ğŸ‡°ğŸ‡·,0,2015-11,5954,9545,No location,"Na pakana lahat to ng china? Sa kanila nagmula yung virus, tapos ngayon zero na yung cases nila? Agad agad? So nasa kanila yung cure. Kasi sila ang may gawa ng virus. âœŒğŸ»ğŸ¥º",24/03/2020 18:37
https://twitter.com/AlipinNiLalisa/status/1242388867698683904,"""virus gawa china""",@alipinnilalisa,.,"MY DEAR LISAPOO ----JennieKim2020                                   I love you 3270ğŸ’›
@blairxrose",1,2017-06,187,998,Siopao,Taena namaaaaan CHINA!!!! Hindi pa kami tapos makipag laban sa Covid-19 na gawa nyo tapos meron na agad kayong baging virus? Hantanvirus? Jusko!!! https://t.co/VDaTggMmUs,24/03/2020 15:52
https://twitter.com/rcrysjmnz/status/1242300416764739584,"""virus gawa china""",@rcrysjmnz,tong,âš–ï¸,0,2020-03,95,71,No location,"sa lahat ng gawa ng China, virus lang nagtagal",24/03/2020 12:01
https://twitter.com/joanzmonato/status/1241618676878651394,"""virus gawa china""",@joanzmonato,Joan Monato,No bio,0,2017-03,113,12,No location,@MrsGaemHyuk Ay iwan Basta Alam k dyan gawa Ng demonyong china Ang virus n Yan...parang Bala lng Yan  kng d k iiwas at magtago  yari k...bka nga Ang Alam lng n GOD tulungan tau s kademonyuhan Ng china at Ng mga kaanib Ng ccp...jijiji,22/03/2020 14:52
https://twitter.com/wassupcyrone/status/1239438281504223234,"""virus gawa china""",@wassupcyrone,jon,No bio,0,2018-01,208,309,ashton,"Sa lahat ng made in china, bakit yung virus pa pinaka matibay na gawa.",16/03/2020 14:28
https://twitter.com/YordanZyra/status/1238133376046882816,"""virus gawa china""",@yordanzyra,zyra yordan,Sapat na,0,2020-01,173,6,No location,@gmanews @stateofdnation Baki ba na uso ang corona virus    e2y nakakamatay  gawa ng china,03/12/2020 0:02
https://twitter.com/aeronimogel/status/1237603776803954688,"""virus gawa china""",@aeronimogel,kerubin,amÂ·biÂ·vert,1,2014-04,358,442,"Tarlac City, Central Luzon",Palagay ko di naman talaga galing sa hayop yung corona virus eh ğŸ¤” gawa mismo ng china yun,03/11/2020 12:58
https://twitter.com/iamissdada/status/1235237893423026176,"""virus gawa china""",@iamissdada,darilyn dogayo,Ambivert. Coffee junkie. Book hoarder. Forever 4'11.,0,2011-06,519,122,Republic of the Philippines,"Oh ito ha... sinasabi ko na â€˜to sa friends ko. Malakas kutob ko, yang Corona Virus, gawa ng China. Kutob ko lang naman. Pero gets? Hahaha",03/05/2020 0:17
https://twitter.com/Japstup1/status/1254066486320087041,"""virus gawa china""",@japstup1,japstup_1580,No bio,0,2018-09,52,22,"Cauayan City, Cagayan Valley",@ABSCBNNews salamat daw sa bigayng ğŸ‡¨ğŸ‡³ china?salamat sa virus na gawa nilağŸ¤®ğŸ¤®ğŸ¤® insulto yang kantang yan sa bansa,25/04/2020 23:15
https://twitter.com/Rachet1971/status/1250713734420430850,"""virus gawa china""",@rachet1971,DonJulio,No bio,1,2012-11,26,1,No location,"@cnnphilippines Gawa ng china ang virus,china din ang gagawa ng antidote,ibibigay sa pilipinas,kapalit nyan,west phil sea..",16/04/2020 17:12
https://twitter.com/johnnraymundo/status/1249854344414916608,"""virus gawa china""",@johnnraymundo,John ã‚¸,Hello bitches â€¢ My twitter my rules â€¢ Determine your priorities and focus on them ğŸŒ·ğŸ³ï¸â€ğŸŒˆâ¤âœ¨,0,2018-12,3156,3918,Republic of the Philippines,HAHAHAHA walang problema? Juskooooo! Napakalaki na ng Problema ng bansang Pilipinas gawa ng VIRUS made in China tapos ikaw magsusumiksik ka pa sa China HAHAHAHAHA juskoooo!!!,14/04/2020 8:17